cycle,currTemp,currVolt,
1,45,6,
2,42,5.5,
3,40,5,
4,37.33333333,4.5,
5,34.83333333,4,
6,32.33333333,3.5,
7,29.83333333,3,
8,27.33333333,3.2,
9,24.83333333,3.4,
10,22.33333333,3.6,
11,19.83333333,3.8,
12,17.33333333,4,
13,18,4.2,
14,20,4.4,
15,22,4.6,
16,24,4.8,
17,26,5,
18,28,5.2,
19,30,5.4,
20,32,5.6,
