cycle,currTemp,currVolt
1,45,6
2,42,5.5
3,40,5
4,37,4.5
5,36.6,4
6,36.2,3.5
7,35.8,3
8,35.4,3.2
9,35,3.4
10,22.33333333,3.6
11,19.83333333,3.8
12,17.33333333,5
13,18,5.05
14,20,5.1
15,22,5.15
16,24,5.2
17,26,5.25
18,28,5.3
19,30,5.35
20,32,5.4
